{"cameraMode":{"drawMode":0,"name":"Shaded","section":"Shading Mode"},"sceneLighting":true,"audioPlay":false,"sceneViewState":{"m_AlwaysRefresh":false,"showFog":true,"showSkybox":true,"showFlares":true,"showImageEffects":true,"showParticleSystems":true,"showVisualEffectGraphs":true,"m_FxEnabled":true},"in2DMode":false,"pivot":{"x":99.88864135742188,"y":1.7469197511672974,"z":122.46055603027344},"rotation":{"x":0.16452829539775849,"y":-0.7237611413002014,"z":0.18519480526447297,"w":0.6441699862480164},"size":0.13445785641670228,"orthographic":false}